{
    "Camera": {
        "at": [
            -0.8546357750892639,
            -0.5192307233810425,
            0.011158540844917297
        ],
        "location": [
            158.5456085205078,
            90.33783721923828,
            -44.53171920776367
        ],
        "up": [
            -0.13780206441879272,
            0.9903638958930969,
            0.013788032345473766
        ]
    }
}
